-- This script adds sample data to the Airbnb database
-- It helps test how everything works with real-like information
-- We insert data in a specific order to respect foreign key constraints

-- Insert user accounts (no dependencies)
-- Real users with diverse European names and emails
INSERT INTO UserAccount  (Name, Email, Phone, ProfilePhoto, VerificationStatus) VALUES
('Ana García','ana.garcia@gmail.com','+34 600111111','https://randomuser.me/api/portraits/women/12.jpg','verified'),
('James Smith','jamessmith@hotmail.com','+44 7700111222','https://randomuser.me/api/portraits/men/34.jpg','verified'),
('Lucía Martínez','lucia.martinez@gmail.com','+34 600222222','https://randomuser.me/api/portraits/women/45.jpg','verified'),
('Oliver Brown','oliver.brown@hotmail.com','+44 7700111333','https://randomuser.me/api/portraits/men/22.jpg','verified'),
('Marie Dupont','marie.dupont@gmail.com','+33 611223344','https://randomuser.me/api/portraits/women/55.jpg','verified'),
('Sophie Laurent','sophie.laurent@hotmail.com','+33 612334455','https://randomuser.me/api/portraits/women/5.jpg','verified'),
('Diego Fernández','diego.fernandez@gmail.com','+34 600444444','https://randomuser.me/api/portraits/men/70.jpg','verified'),
('Charlotte Wilson','charlotte.wilson@hotmail.com','+44 7700111555','https://randomuser.me/api/portraits/women/35.jpg','verified'),
('Marco Bianchi','marco.bianchi@gmail.com','+39 3201112233','https://randomuser.me/api/portraits/men/46.jpg','verified'),
('Emily Davis','emily.davis@hotmail.com','+44 7700111666','https://randomuser.me/api/portraits/women/14.jpg','verified'),
('Clara Sánchez','clara.sanchez@hotmail.com','+34 600666666','https://randomuser.me/api/portraits/women/66.jpg','verified'),
('Lukas Müller','lukas.mueller@hotmail.com','+49 151223344','https://randomuser.me/api/portraits/men/9.jpg','verified'),
('Sergio Moreno','sergio.moreno@hotmail.com','+34 600777777','https://randomuser.me/api/portraits/men/11.jpg','verified'),
('Isabella Rossi','isabella.rossi@hotmail.com','+39 3202223344','https://randomuser.me/api/portraits/women/78.jpg','verified'),
('Raúl Ortega','raul.ortega@gmail.com','+34 600888888','https://randomuser.me/api/portraits/men/81.jpg','verified'),
('Freya Nielsen','freya.nielsen@hotmail.com','+45 30112233','https://randomuser.me/api/portraits/women/3.jpg','verified'),
('Marta Navarro','marta.navarro@gmail.com','+34 600999999','https://randomuser.me/api/portraits/women/72.jpg','verified'),
('Jack Evans','jack.evans@hotmail.com','+44 7700112000','https://randomuser.me/api/portraits/men/56.jpg','verified'),
('Elena Castillo','elena.castillo@hotmail.com','+34 601111111','https://randomuser.me/api/portraits/women/8.jpg','verified'),
('Liam Connor','liam.oconnor@gmail.com','+353 861112233','https://randomuser.me/api/portraits/men/2.jpg','verified'),
('Nuria Ríos','nuria.rios@gmail.com','+34 601222222','https://randomuser.me/api/portraits/women/38.jpg','verified'),
('Thomas Green','thomas.green@hotmail.com','+44 7700112222','https://randomuser.me/api/portraits/men/67.jpg','verified'),
('Alicia Blanco','alicia.blanco@gmail.com','+34 601333333','https://randomuser.me/api/portraits/women/19.jpg','verified'),
('George Hall','george.hall@hotmail.com','+44 7700112333','https://randomuser.me/api/portraits/men/29.jpg','verified'),
('Sofía Vega','sofia.vega@gmail.com','+34 601444444','https://randomuser.me/api/portraits/women/27.jpg','verified'),
('Pedro Alves','pedro.alves@hotmail.com','+351 912223344','https://randomuser.me/api/portraits/men/31.jpg','verified'),
('Hannah King','hannah.king@gmail.com','+44 7700112444','https://randomuser.me/api/portraits/women/58.jpg','verified'),
('Carmen Díaz','carmen.diaz@gmail.com','+34 601666666','https://randomuser.me/api/portraits/women/7.jpg','verified'),
('Ethan Wright','ethan.wright@gmail.com','+44 7700112555','https://randomuser.me/api/portraits/men/49.jpg','verified'),
('Lucía Ruiz','lucia.ruiz@gmail.com','+34 601777777','https://randomuser.me/api/portraits/women/21.jpg','verified'),
('Noah Scott','noah.scott@gmail.com','+44 7700112666','https://randomuser.me/api/portraits/men/74.jpg','verified'),
('Adriana Gil','adriana.gil@hotmail.com','+34 601888888','https://randomuser.me/api/portraits/women/39.jpg','verified'),
('Owen Baker','owen.baker@gmail.com','+44 7700112777','https://randomuser.me/api/portraits/men/60.jpg','verified'),
('Pilar Ramos','pilar.ramos@hotmail.com','+34 601999999','https://randomuser.me/api/portraits/women/4.jpg','verified'),
('Lermos Devries','lermos.devries@gmail.com','+31 612223344','https://randomuser.me/api/portraits/men/17.jpg','verified'),
('Irene Torres','irene.torres@hotmail.com','+34 602111111','https://randomuser.me/api/portraits/women/62.jpg','verified'),
('Leo Novak','leo.novak@gmail.com','+420 601112233','https://randomuser.me/api/portraits/men/41.jpg','verified'),
('Beatriz Gil','beatriz.gil@hotmail.com','+34 602222222','https://randomuser.me/api/portraits/women/69.jpg','verified'),
('Maya Hughes','maya.hughes@gmail.com','+44 7700113000','https://randomuser.me/api/portraits/women/25.jpg','verified'),
('Daniel Alonso','daniel.alonso@hotmail.com','+34 602333333','https://randomuser.me/api/portraits/men/76.jpg','verified'),
('Zara Brooks','zara.brooks@gmail.com','+44 7700113111','https://randomuser.me/api/portraits/women/33.jpg','verified'),
('Javier Peña','javier.pena@gmail.com','+34 602444444','https://randomuser.me/api/portraits/men/83.jpg','verified'),
('Amelia Parker','amelia.parker@gmail.com','+44 7700113222','https://randomuser.me/api/portraits/women/16.jpg','verified'),
('Mireia Font','mireia.font@gmail.com','+34 602555555','https://randomuser.me/api/portraits/women/59.jpg','verified'),
('Caleb Mitchell','caleb.mitchell@hotmail.com','+44 7700113333','https://randomuser.me/api/portraits/men/13.jpg','verified'),
('Sandra Marín','sandra.marin@hotmail.com','+34 602666666','https://randomuser.me/api/portraits/women/6.jpg','verified'),
('Felix Kowalski','felix.kowalski@gmail.com','+48 601223344','https://randomuser.me/api/portraits/men/85.jpg','verified'),
('Zoe Richardson','zoe.richardson@hotmail.com','+44 7700113444','https://randomuser.me/api/portraits/women/64.jpg','verified'),
('Andrés Blanco','andres.blanco@gmail.com','+34 602888888','https://randomuser.me/api/portraits/men/47.jpg','verified'),
('Claudia Vega','claudia.vega@hotmail.com','+34 602999999','https://randomuser.me/api/portraits/women/28.jpg','verified'),
('Yiomu Horvath','yiomu.horvath@gmail.com','+36 301112233','https://randomuser.me/api/portraits/men/73.jpg','verified'),
('Nora Palmer','nora.palmer@gmail.com','+44 7700113666','https://randomuser.me/api/portraits/women/37.jpg','verified'),
('Iván Paredes','ivan.paredes@gmail.com','+34 603111111','https://randomuser.me/api/portraits/men/6.jpg','verified'),
('Rosa Campos','rosa.campos@hotmail.com','+34 603222222','https://randomuser.me/api/portraits/women/24.jpg','verified'),
('Ava Bell','ava.bell@gmail.com','+44 7700113777','https://randomuser.me/api/portraits/women/18.jpg','verified'),
('Hugo Serrano','hugo.serrano@hotmail.com','+34 603333333','https://randomuser.me/api/portraits/men/90.jpg','verified'),
('Elsa Lindstrom','elsa.lindstrom@gmail.com','+46 701112233','https://randomuser.me/api/portraits/women/20.jpg','verified'),
('Mason Gray','mason.gray@hotmail.com','+44 7700113888','https://randomuser.me/api/portraits/men/71.jpg','verified'),
('Nerea Soler','nerea.soler@gmail.com','+34 603555555','https://randomuser.me/api/portraits/women/43.jpg','verified'),
('Harry Price','harry.price@gmail.com','+44 7700113999','https://randomuser.me/api/portraits/men/77.jpg','verified'),
('Lucas Costa', 'lucas.costa@gmail.com', '+351 912334455', 'https://randomuser.me/api/portraits/men/94.jpg', 'verified'),
('Eva Schmidt', 'eva.schmidt@hotmail.com', '+49 152334455', 'https://randomuser.me/api/portraits/women/92.jpg', 'verified'),
('Mateo Russo', 'mateo.russo@gmail.com', '+39 3203334455', 'https://randomuser.me/api/portraits/men/96.jpg', 'verified'),
('Chloé Bernard', 'chloe.bernard@gmail.com', '+33 613445566', 'https://randomuser.me/api/portraits/women/93.jpg', 'verified'),
('Hiroshi Tanaka', 'hiroshi.tanaka@hotmail.com', '+81 901112233', 'https://randomuser.me/api/portraits/men/97.jpg', 'verified'),
('Aisha Khan', 'aisha.khan@gmail.com', '+44 7700114444', 'https://randomuser.me/api/portraits/women/94.jpg', 'verified'),
('Alexandre Dubois', 'alexandre.dubois@hotmail.com', '+33 614556677', 'https://randomuser.me/api/portraits/men/98.jpg', 'verified'),
('Yuki Nakamura', 'yuki.nakamura@gmail.com', '+81 902223344', 'https://randomuser.me/api/portraits/women/95.jpg', 'verified'),
('Rafael Silva', 'rafael.silva@hotmail.com', '+351 913445566', 'https://randomuser.me/api/portraits/men/99.jpg', 'verified'),
('Lena Müller', 'lena.muller@gmail.com', '+49 153445566', 'https://randomuser.me/api/portraits/women/96.jpg', 'verified'),
('Mohammed Al-Farsi', 'mohammed.alfarsi@hotmail.com', '+971 501112233', 'https://randomuser.me/api/portraits/men/100.jpg', 'verified'),
('Sofia Costa', 'sofia.costa@gmail.com', '+351 914556677', 'https://randomuser.me/api/portraits/women/97.jpg', 'verified'),
('Kenji Sato', 'kenji.sato@hotmail.com', '+81 903334455', 'https://randomuser.me/api/portraits/men/101.jpg', 'verified'),
('Anastasia Ivanova', 'anastasia.ivanova@gmail.com', '+7 916112233', 'https://randomuser.me/api/portraits/women/98.jpg', 'verified'),
('Carlos Mendes', 'carlos.mendes@hotmail.com', '+351 915667788', 'https://randomuser.me/api/portraits/men/102.jpg', 'verified'),
('Leila Abbas', 'leila.abbas@gmail.com', '+20 101112233', 'https://randomuser.me/api/portraits/women/99.jpg', 'verified'),
('Nikola Jovanović', 'nikola.jovanovic@hotmail.com', '+381 641112233', 'https://randomuser.me/api/portraits/men/103.jpg', 'verified'),
('Isabelle Moreau', 'isabelle.moreau@gmail.com', '+33 615667788', 'https://randomuser.me/api/portraits/women/100.jpg', 'verified'),
('Chen Wei', 'chen.wei@hotmail.com', '+86 1380013800', 'https://randomuser.me/api/portraits/men/104.jpg', 'verified'),
('Fatima Zahra', 'fatima.zahra@gmail.com', '+212 611223344', 'https://randomuser.me/api/portraits/women/101.jpg', 'verified');

-- Insert guests (depends on UserAccount)
-- First 20 users are guests (UserID 1-20)
INSERT INTO Guest (UserID, LoyaltyPoints, TotalBookings) VALUES
(1,120,5),(2,45,1),(3,230,12),(4,10,0),(5,0,0),
(6,75,3),(7,300,20),(8,5,1),(9,60,4),(10,8,1),
(11,40,2),(12,0,0),(13,95,6),(14,20,1),(15,200,15),
(16,2,0),(17,18,1),(18,50,3),(19,10,1),(20,11,1);

-- Insert hosts (depends on UserAccount)
-- Next 20 users are guests (UserID 21-40)
INSERT INTO Host (UserID, SuperhostStatus, ResponseRate) VALUES
(21,TRUE,98.5), (22,FALSE,72.3), (23,TRUE,95.0), 
(24,FALSE,60.0), (25,TRUE,99.0), (26,TRUE,55.4), 
(27,FALSE,65.2), (28,TRUE,90.1), (29,FALSE,70.0), 
(30,FALSE,68.5), (31,TRUE,92.7), (32,FALSE,59.0), 
(33,FALSE,75.5), (34,TRUE,94.0), (35,FALSE,61.8), 
(36,FALSE,50.0), (37,FALSE,97.2), (38,FALSE,66.6), 
(39,FALSE,58.0), (40,TRUE,96.3);

-- Insert administrators (depends on UserAccount)
-- Next 20 users become admins (UserID 41-60)
-- Different departments and permissions
INSERT INTO Administrator (UserID, Permissions, Department) VALUES
(41, 'System Maintenance', 'Engineering'),
(42, 'Budget Management', 'Finance & Accounting'),
(43, 'Manage Commissions', 'Finance & Accounting'),
(44, 'Data Reporting', 'Data Science & Analytics'),
(45, 'View Analytics', 'Data Science & Analytics'),
(46, 'Approve Payments', 'Operations'),
(47, 'Manage Listings', 'Product'),
(48, 'Design Approval', 'Design'),
(49, 'Manage Teams', 'Employee Experience (HR)'),
(50, 'Campaign Strategy', 'Marketing & Communications'),
(51, 'Partnership Deals', 'Business Development'),
(52, 'Contract Review', 'Legal'),
(53, 'User Research', 'Data Science & Analytics'),
(54, 'Code Review', 'Engineering'),
(55, 'Manage Listings', 'Product'),
(56, 'Full Access', 'Engineering'),
(57, 'Moderate Content', 'Design'),
(58, 'Manage Teams', 'Employee Experience (HR)'),
(59, 'Manage Commissions', 'Finance & Accounting'),
(60, 'Approve Payments', 'Operations');

-- Insert customer support (depends on UserAccount)
-- Last 20 users are support agents (UserID 61-80)
-- Different support departments
INSERT INTO CustomerSupport (UserID, Department, ActiveCases) VALUES
(61, 'Guest Support', 14),
(62, 'Host Support', 8),
(63, 'Technical Support', 20),
(64, 'Billing & Payments', 6),
(65, 'Superhost Support', 12),
(66, 'Social Media', 10),
(67, 'Guest Support', 18),
(68, 'Account Security', 3),
(69, 'Cancellations & Refunds', 15),
(70, 'Specialized Teams', 5),
(71, 'Emergency Response', 9),
(72, 'Social Media', 7),
(73, 'Billing & Payments', 2),
(74, 'Resolution Center', 12),
(75, 'Technical Support', 17),
(76, 'Specialized Teams', 4),
(77, 'Superhost Support', 8),
(78, 'Social Media', 6),
(79, 'Host Support', 16),
(80, 'Booking Modifications', 9);

-- Insert countries (no dependencies)
-- I use real European countries for realistic testing
INSERT INTO Country (Name, Code) VALUES
('Spain','ES'),('United Kingdom','GB'),('Portugal','PT'),('France','FR'),('Italy','IT'),
('Germany','DE'),('Netherlands','NL'),('Belgium','BE'),('Ireland','IE'),('Greece','GR'),
('Sweden','SE'),('Norway','NO'),('Denmark','DK'),('Poland','PL'),('Czech Republic','CZ'),
('Austria','AT'),('Switzerland','CH'),('Hungary','HU'),('Romania','RO'),('Croatia','HR');

-- Insert cities (depends on countries)
-- Major European cities where Airbnb is popular
-- Each city links to its country
INSERT INTO City (Name, CountryID) VALUES
('Madrid',1),('Barcelona',1),('London',2),('Porto',3),('Lisbon',3),
('Paris',4),('Rome',5),('Milan',5),('Berlin',6),('Munich',6),
('Amsterdam',7),('Brussels',8),('Dublin',9),('Athens',10),('Stockholm',11),
('Oslo',12),('Copenhagen',13),('Warsaw',14),('Prague',15),('Vienna',16);

-- Insert neighborhoods (depends on cities)
-- Popular neighborhoods in each city
-- Helps users find properties in specific areas
INSERT INTO Neighborhood (Name, CityID) VALUES
('Centro', 1),              
('Eixample', 2),            
('Westminster', 3),         
('Baixa', 4),             
('Baixa', 5),        
('8th Arrondissement', 6),  
('Centro Storico', 7),      
('Centro', 8),            
('Charlottenburg', 9),    
('Altstadt', 10),             
('Binnenstad', 11),        
('City Centre', 12),   
('City Centre', 13),  
('Syntagma', 14),  
('Norrmalm', 15), 
('Sentrum', 16), 
('Indre By', 17), 
('Śródmieście', 18),  
('Staré Město', 19),   
('Innere Stadt', 20);   

-- Insert addresses (depends on neighborhoods)
-- Realistic street addresses in popular areas
-- These are typical addresses in each neighborhood
INSERT INTO Address (NeighborhoodID, Street) VALUES
(1, 'Gran Vía 28'),                      
(2, 'Passeig de Gràcia 56'),   
(3, 'Oxford Street 145'),    
(4, 'Rua das Flores 45'),    
(5, 'Rua Augusta 15'),     
(6, 'Avenue des Champs-Élysées 72'),  
(7, 'Via dei Coronari 12'),
(8, 'Corso Buenos Aires 85'), 
(9, 'Kurfürstendamm 195'),  
(10, 'Viktualienmarkt 6'),      
(11, 'Damrak 68'),  
(12, 'Rue des Bouchers 35'), 
(13, 'Grafton Street 42'), 
(14, 'Ermou Street 18'),  
(15, 'Drottninggatan 71'),    
(16, 'Karl Johans gate 33'), 
(17, 'Nyhavn 17'),          
(18, 'Aleje Jerozolimskie 55'),   
(19, 'Karlova 12'),     
(20, 'Seilerstätte 12');

-- Insert properties (depends on hosts and addresses)
-- Realistic properties across Europe
-- Each property has detailed description and pricing
INSERT INTO Property (HostID, AddressID, Title, Description, Type, Capacity, PricePerNight) VALUES
(1, 1, 'Bright & Central Apartment with Balcony on Gran Vía', 
 'Wake up to incredible views of Gran Vía from your own balcony. This spacious 2-bedroom apartment comes with air conditioning, fast internet and a modern kitchen. Perfect for exploring Madrid, just a short walk from Puerta del Sol and Malasaña. Gran Vía metro station is only two minutes away.',
 'Apartment', 4, 129.00),
(2, 2, 'Modernist Apartment with Terrace - Passeig de Gràcia', 
 'Experience local living in this beautiful modernist apartment in central Barcelona. It blends original 1906 architectural details with contemporary comforts. The private terrace provides lovely views of the famous street and you are located between Casa Batlló and La Pedrera.',
 'Apartment', 6, 215.00),
(3, 3, 'Luxury 2-Bed Apartment 1 min from Oxford Street', 
 'This luxurious two-bedroom apartment is perfectly located just steps from Oxford Street. It has been recently renovated with high-end finishes, making it ideal for shopping trips or business stays in central London.',
 'Apartment', 4, 275.00),
(4, 4, 'Traditional Portuguese House in Historic Center', 
 'Authentic Portuguese townhouse situated on the picturesque Rua das Flores. Dating back to the 18th century, it retains original features like classic azulejo tiles and wooden beams. The private patio is perfect for relaxing with a glass of port.',
 'House', 5, 89.00),
(5, 5, 'Design Loft with Arch View in Baixa', 
 'This stylish loft apartment offers direct views of the Arco da Rua Augusta from its large windows. It features an open-plan living area with designer furniture and a fully equipped kitchen, right on Lisbon''s most famous pedestrian street.',
 'Loft', 3, 115.00),
(6, 6, 'Charming Studio near Champs-Élysées', 
 'Lovely studio apartment located just 200 meters from the Champs-Élysées. Perfect for a romantic Paris getaway, it has been recently renovated with careful attention to detail.',
 'Studio', 2, 185.00),
(7, 7, 'Romantic Apartment in Historic Center', 
 'Charming one-bedroom apartment on Via dei Coronari, one of Rome''s most beautiful streets. It features antique furniture and wooden ceilings that create a romantic atmosphere and it is just a few steps from Piazza Navona.',
 'Apartment', 3, 135.00),
(8, 8, 'Spacious 3BR Design Apartment - Shopping District', 
 'Large three-bedroom apartment on Milan''s longest shopping street. It boasts a modern design with premium finishes and is perfect for fashion lovers or business travelers.',
 'Apartment', 6, 168.00),
(9, 9, 'Industrial Loft', 
 'Stylish industrial loft near Kurfürstendamm. High ceilings, exposed brick walls and large windows create a unique ambiance in the trendy neighborhood.',
 'Loft', 4, 118.00),
(10, 10, 'Cozy Apartment', 
 'Cozy apartment with a view of the famous Viktualienmarkt. It combines traditional Bavarian decor with modern comforts and you can wake up to the delightful smells of the market below.',
 'Apartment', 4, 142.00),
(11, 11, 'Canal View Apartment near Central Station', 
 'Beautiful apartment with canal views, just a five-minute walk from Central Station. The building is full of character and has a modern interior. Bicycles are included for guests to use.',
 'Apartment', 5, 162.00),
(12, 12, 'Cozy Flat in Restaurant District', 
 'Charming one-bedroom apartment in Brussels'' famous restaurant district. It offers traditional Belgian character with a modern kitchen and dozens of restaurants are right at your doorstep.',
 'Apartment', 3, 92.00),
(13, 13, 'Georgian Townhouse near Trinity College', 
 'Elegant Georgian townhouse just off Grafton Street. It features original period details, a working fireplace and high ceilings, located in Dublin''s most prestigious area.',
 'House', 7, 235.00),
(14, 14, 'Acropolis View Apartment - Ermou Street', 
 'Modern apartment with stunning Acropolis views from the balcony. It is within walking distance of all the ancient sites and has been recently renovated with all modern amenities.',
 'Apartment', 5, 108.00),
(15, 15, 'Scandinavian Design Apartment on Main Street', 
 'Minimalist Swedish design apartment. It features light-filled spaces, designer furniture and a fully equipped kitchen, allowing you to experience Stockholm like a local.',
 'Apartment', 4, 152.00),
(16, 16, 'Luxury Apartment near Royal Palace', 
 'High-end apartment just off Karl Johans gate. It includes designer furniture, a marble bathroom and smart home features, situated between the Royal Palace and the National Theatre.',
 'Apartment', 4, 205.00),
(17, 17, 'Historic Canal House on Nyhavn', 
 'Traditional 18th-century house located right on the Nyhavn canal. It features original wooden floors, a fireplace and direct canal views, making it one of Copenhagen''s most iconic locations.',
 'House', 6, 295.00),
(18, 18, 'Modern High-Rise with City Views', 
 'Contemporary apartment on the 15th floor with panoramic views of Warsaw. It has floor-to-ceiling windows, a modern kitchen and access to a building gym, located on one of Warsaw''s main avenues.',
 'Apartment', 4, 125.00),
(19, 19, 'Medieval Apartment Steps from Charles Bridge', 
 'Unique apartment in a 14th-century building on the historic route to Charles Bridge. It features stone walls, wooden beams and antique furniture, right in the heart of Old Town.',
 'Apartment', 3, 128.00),
(20, 20, 'Elegant Apartment in Music District', 
 'Beautifully furnished apartment in Vienna''s music district. It is close to the Musikverein and the State Opera and features high ceilings, parquet floors, and a grand piano available for use.',
 'Apartment', 4, 155.00);

-- Insert ameneties (no dependencies)
-- Common amenities travelers look for
-- From basics like WiFi to luxury features
INSERT INTO Amenity (Name) VALUES
('WiFi'),
('Air Conditioning'),
('Heating'),
('Kitchen'),
('Balcony'),
('Washing machine'),
('Dryer'),
('Free Parking'),
('TV'),
('Elevator'),
('Pet Friendly'),
('Gym'),
('Pool'),
('Smoke alarm'),
('Fireplace'),
('Iron'),
('Hair Dryer'),
('Coffee Machine'),
('Paid Parking'),
('Garden'),
('Breakfast included'),
('Smoking Allowed'),
('Wheelchair Accessible'),
('Sea View'),
('City View');

-- Insert property ameneties (links properties to amenities)
-- Each property gets a selection of relevant amenities
INSERT INTO PropertyAmenity (PropertyID, AmenityID) VALUES
(1, 1),
(1, 2),
(1, 3),
(1, 4),
(1, 5),
(1, 9),
(1, 10),
(1, 14),
(1, 16),
(1, 17),
(1, 18),
(1, 25),
(2, 1),
(2, 2),
(2, 3),
(2, 4),
(2, 5),
(2, 6),
(2, 9),
(2, 10),
(2, 14),
(2, 17),
(2, 18),
(2, 25),
(3, 1),
(3, 2),
(3, 3),
(3, 4),
(3, 6),
(3, 7),
(3, 9),
(3, 12),
(3, 14),
(3, 16),
(3, 17),
(3, 19),
(3, 25),
(4, 1),
(4, 3),
(4, 4),
(4, 8),
(4, 9),
(4, 14),
(4, 15),
(4, 17),
(4, 20),
(4, 25),
(5, 1),
(5, 2),
(5, 3),
(5, 4),
(5, 9),
(5, 14),
(5, 17),
(5, 18),
(5, 25),
(6, 1),
(6, 2),
(6, 3),
(6, 4),
(6, 9),
(6, 14),
(6, 17),
(6, 19),
(6, 25),
(7, 1),
(7, 2),
(7, 3),
(7, 4),
(7, 5),
(7, 9),
(7, 14),
(7, 17),
(7, 25),
(8, 1),
(8, 2),
(8, 3),
(8, 4),
(8, 5),
(8, 6),
(8, 7),
(8, 9),
(8, 10),
(8, 14),
(8, 16),
(8, 17),
(8, 25),
(9, 1),
(9, 2),
(9, 3),
(9, 4),
(9, 9),
(9, 14),
(9, 17),
(9, 25),
(10, 1),
(10, 3),
(10, 4),
(10, 9),
(10, 14),
(10, 17),
(10, 25),
(11, 1),
(11, 2),
(11, 3),
(11, 4),
(11, 5),
(11, 6),
(11, 9),
(11, 11),
(11, 14),
(11, 17),
(11, 25),
(12, 1),
(12, 3),
(12, 4),
(12, 9),
(12, 14),
(12, 17),
(12, 25),
(13, 1),
(13, 3),
(13, 4),
(13, 6),
(13, 7),
(13, 8),
(13, 9),
(13, 14),
(13, 15),
(13, 16),
(13, 17),
(13, 25),
(14, 1),
(14, 2),
(14, 3),
(14, 4),
(14, 5),
(14, 9),
(14, 14),
(14, 17),
(14, 25),
(15, 1),
(15, 3),
(15, 4),
(15, 6),
(15, 7),
(15, 9),
(15, 14),
(15, 17),
(15, 25),
(16, 1),
(16, 2),
(16, 3),
(16, 4),
(16, 9),
(16, 10),
(16, 12),
(16, 14),
(16, 16),
(16, 17),
(16, 19),
(16, 25),
(17, 1),
(17, 3),
(17, 4),
(17, 6),
(17, 7),
(17, 9),
(17, 14),
(17, 15),
(17, 17),
(17, 25),
(18, 1),
(18, 2),
(18, 3),
(18, 4),
(18, 9),
(18, 10),
(18, 12),
(18, 14),
(18, 17),
(18, 25),
(19, 1),
(19, 3),
(19, 4),
(19, 9),
(19, 14),
(19, 17),
(19, 25),
(20, 1),
(20, 2),
(20, 3),
(20, 4),
(20, 9),
(20, 10),
(20, 14),
(20, 16),
(20, 17),
(20, 25);

-- Insert photos (depends on properties)
-- Realistic descriptions for each property
INSERT INTO Photo (PropertyID, URL, Caption) VALUES
(1, 'https://myphotos/madrid1.jpg', 'Bright living room with comfortable seating area'),
(1, 'https://myphotos/madrid2.jpg', 'Modern kitchen fully equipped for cooking'),
(1, 'https://myphotos/madrid3.jpg', 'Private balcony with Gran Vía view'),
(2, 'https://myphotos/barcelona1.jpg', 'Modernist living room with original architectural details'),
(2, 'https://myphotos/barcelona2.jpg', 'Sunny terrace with city views'),
(2, 'https://myphotos/barcelona3.jpg', 'Spacious bedroom with comfortable king bed'),
(3, 'https://myphotos/london1.jpg', 'Luxury living area with designer furniture'),
(3, 'https://myphotos/london2.jpg', 'Modern kitchen with high-end appliances'),
(3, 'https://myphotos/london3.jpg', 'Master bedroom with luxury linens'),
(4, 'https://myphotos/porto1.jpg', 'Traditional Portuguese living room with azulejo tiles'),
(4, 'https://myphotos/porto2.jpg', 'Private courtyard perfect for relaxing'),
(4, 'https://myphotos/porto3.jpg', 'Fully equipped kitchen with local charm'),
(5, 'https://myphotos/lisbon1.jpg', 'Open-plan loft living area with arch view'),
(5, 'https://myphotos/lisbon2.jpg', 'Designer kitchen with all modern conveniences'),
(5, 'https://myphotos/lisbon3.jpg', 'Comfortable sleeping area with quality mattress'),
(6, 'https://myphotos/paris1.jpg', 'Charming studio with romantic Parisian atmosphere'),
(6, 'https://myphotos/paris2.jpg', 'Compact kitchenette with everything you need'),
(7, 'https://myphotos/rome1.jpg', 'Romantic bedroom with antique wooden ceiling'),
(7, 'https://myphotos/rome2.jpg', 'Living area with historic charm and modern comfort'),
(7, 'https://myphotos/rome3.jpg', 'Small balcony overlooking historic street'),
(8, 'https://myphotos/milan1.jpg', 'Spacious living room with modern design'),
(8, 'https://myphotos/milan2.jpg', 'Fully equipped kitchen with dining area'),
(8, 'https://myphotos/milan3.jpg', 'Comfortable bedroom with quality bedding'),
(9, 'https://myphotos/berlin1.jpg', 'Industrial-style loft with exposed brick walls'),
(9, 'https://myphotos/berlin2.jpg', 'Open kitchen with modern appliances'),
(10, 'https://myphotos/munich1.jpg', 'Cozy living area with Bavarian charm'),
(10, 'https://myphotos/munich2.jpg', 'View of Viktualienmarkt from the window'),
(11, 'https://myphotos/amsterdam1.jpg', 'Canal view from the living room window'),
(11, 'https://myphotos/amsterdam2.jpg', 'Modern kitchen with dining area'),
(11, 'https://myphotos/amsterdam3.jpg', 'Comfortable bedroom with canal views'),
(12, 'https://myphotos/brussels1.jpg', 'Cozy living room with traditional Belgian style'),
(12, 'https://myphotos/brussels2.jpg', 'Modern kitchen in historic setting'),
(13, 'https://myphotos/dublin1.jpg', 'Elegant Georgian living room with fireplace'),
(13, 'https://myphotos/dublin2.jpg', 'Traditional kitchen with modern appliances'),
(13, 'https://myphotos/dublin3.jpg', 'Spacious bedroom with period features'),
(14, 'https://myphotos/athens1.jpg', 'Balcony with stunning Acropolis view'),
(14, 'https://myphotos/athens2.jpg', 'Modern living area with comfortable seating'),
(15, 'https://myphotos/stockholm1.jpg', 'Minimalist Scandinavian living room design'),
(15, 'https://myphotos/stockholm2.jpg', 'Fully equipped kitchen with dining space'),
(16, 'https://myphotos/oslo1.jpg', 'Luxury living area with designer furniture'),
(16, 'https://myphotos/oslo2.jpg', 'Modern kitchen with high-end appliances'),
(16, 'https://myphotos/oslo3.jpg', 'Elegant bedroom with quality linens'),
(17, 'https://myphotos/copenhagen1.jpg', 'Historic living room with original fireplace'),
(17, 'https://myphotos/copenhagen2.jpg', 'Direct Nyhavn canal view from window'),
(17, 'https://myphotos/copenhagen3.jpg', 'Traditional kitchen with modern updates'),
(18, 'https://myphotos/warsaw1.jpg', 'Panoramic city view from floor-to-ceiling windows'),
(18, 'https://myphotos/warsaw2.jpg', 'Modern living area with contemporary design'),
(19, 'https://myphotos/prague1.jpg', 'Historic bedroom with wooden beams and stone walls'),
(19, 'https://myphotos/prague2.jpg', 'Living area with antique furniture and modern comforts'),
(20, 'https://myphotos/vienna1.jpg', 'Elegant living room with high ceilings and parquet floors'),
(20, 'https://myphotos/vienna2.jpg', 'Fully equipped kitchen with dining area'),
(20, 'https://myphotos/vienna3.jpg', 'Comfortable bedroom with quality mattress');

-- Insert availability (depends on properties)
-- Sample availability for January 2026
-- Shows available and booked dates with different pricing on weekdays and weekends
INSERT INTO Availability (PropertyID, Date, IsAvailable, Price) VALUES
(1, '2026-01-01', TRUE, 129.00),
(1, '2026-01-02', TRUE, 149.00),
(1, '2026-01-03', TRUE, 149.00),
(1, '2026-01-04', FALSE, 129.00),
(1, '2026-01-05', TRUE, 129.00),
(2, '2026-01-01', TRUE, 215.00),
(2, '2026-01-02', TRUE, 245.00),
(2, '2026-01-03', TRUE, 245.00),
(2, '2026-01-04', FALSE, 215.00),
(2, '2026-01-05', TRUE, 215.00),
(3, '2026-01-01', TRUE, 275.00),
(3, '2026-01-02', TRUE, 295.00),
(3, '2026-01-03', FALSE, 295.00),
(3, '2026-01-04', FALSE, 275.00),
(3, '2026-01-05', TRUE, 275.00),
(4, '2026-01-01', TRUE, 89.00),
(4, '2026-01-02', TRUE, 99.00),
(4, '2026-01-03', TRUE, 99.00),
(4, '2026-01-04', TRUE, 89.00),
(4, '2026-01-05', TRUE, 89.00),
(5, '2026-01-01', TRUE, 115.00),
(5, '2026-01-02', TRUE, 125.00),
(5, '2026-01-03', FALSE, 125.00),
(5, '2026-01-04', FALSE, 115.00),
(5, '2026-01-05', TRUE, 115.00),
(6, '2026-01-01', TRUE, 185.00),
(6, '2026-01-02', TRUE, 205.00),
(6, '2026-01-03', TRUE, 205.00),
(6, '2026-01-04', TRUE, 185.00),
(6, '2026-01-05', FALSE, 185.00),
(7, '2026-01-01', TRUE, 135.00),
(7, '2026-01-02', TRUE, 150.00),
(7, '2026-01-03', TRUE, 150.00),
(7, '2026-01-04', TRUE, 135.00),
(7, '2026-01-05', TRUE, 135.00),
(8, '2026-01-01', TRUE, 168.00),
(8, '2026-01-02', TRUE, 188.00),
(8, '2026-01-03', TRUE, 188.00),
(8, '2026-01-04', FALSE, 168.00),
(8, '2026-01-05', TRUE, 168.00),
(9, '2026-01-01', TRUE, 118.00),
(9, '2026-01-02', TRUE, 138.00),
(9, '2026-01-03', TRUE, 138.00),
(9, '2026-01-04', TRUE, 118.00),
(9, '2026-01-05', TRUE, 118.00),
(10, '2026-01-01', FALSE, 142.00),
(10, '2026-01-02', TRUE, 162.00),
(10, '2026-01-03', TRUE, 162.00),
(10, '2026-01-04', TRUE, 142.00),
(10, '2026-01-05', TRUE, 142.00),
(11, '2026-01-01', TRUE, 162.00),
(11, '2026-01-02', TRUE, 182.00),
(11, '2026-01-03', FALSE, 182.00),
(11, '2026-01-04', TRUE, 162.00),
(11, '2026-01-05', TRUE, 162.00),
(12, '2026-01-01', TRUE, 92.00),
(12, '2026-01-02', TRUE, 102.00),
(12, '2026-01-03', TRUE, 102.00),
(12, '2026-01-04', TRUE, 92.00),
(12, '2026-01-05', TRUE, 92.00),
(13, '2026-01-01', TRUE, 235.00),
(13, '2026-01-02', TRUE, 255.00),
(13, '2026-01-03', TRUE, 255.00),
(13, '2026-01-04', FALSE, 235.00),
(13, '2026-01-05', FALSE, 235.00),
(14, '2026-01-01', TRUE, 108.00),
(14, '2026-01-02', TRUE, 118.00),
(14, '2026-01-03', TRUE, 118.00),
(14, '2026-01-04', TRUE, 108.00),
(14, '2026-01-05', TRUE, 108.00),
(15, '2026-01-01', FALSE, 152.00),
(15, '2026-01-02', TRUE, 172.00),
(15, '2026-01-03', TRUE, 172.00),
(15, '2026-01-04', TRUE, 152.00),
(15, '2026-01-05', TRUE, 152.00),
(16, '2026-01-01', TRUE, 205.00),
(16, '2026-01-02', TRUE, 225.00),
(16, '2026-01-03', TRUE, 225.00),
(16, '2026-01-04', FALSE, 205.00),
(16, '2026-01-05', TRUE, 205.00),
(17, '2026-01-01', FALSE, 295.00),
(17, '2026-01-02', FALSE, 315.00),
(17, '2026-01-03', FALSE, 315.00),
(17, '2026-01-04', TRUE, 295.00),
(17, '2026-01-05', TRUE, 295.00),
(18, '2026-01-01', TRUE, 125.00),
(18, '2026-01-02', TRUE, 145.00),
(18, '2026-01-03', TRUE, 145.00),
(18, '2026-01-04', TRUE, 125.00),
(18, '2026-01-05', TRUE, 125.00),
(19, '2026-01-01', TRUE, 128.00),
(19, '2026-01-02', TRUE, 148.00),
(19, '2026-01-03', FALSE, 148.00),
(19, '2026-01-04', TRUE, 128.00),
(19, '2026-01-05', TRUE, 128.00),
(20, '2026-01-01', TRUE, 155.00),
(20, '2026-01-02', TRUE, 175.00),
(20, '2026-01-03', TRUE, 175.00),
(20, '2026-01-04', TRUE, 155.00),
(20, '2026-01-05', FALSE, 155.00);

-- Insert cancellation policies (no dependencies)
-- Standard Airbnb cancellation options (five options)
-- From flexible to strict
INSERT INTO CancellationPolicy (Name, Description, RefundRules) VALUES
('Flexible', 
 'You can cancel for free within 48 hours of booking, as long as your check-in is at least 14 days away. After that, cancel up to a day before check-in and get your money back.',
 '• Free to cancel within 48 hours of booking (if check-in is 14+ days away). 
• After 48 hours, cancel at least 24 hours before check-in for a full refund. 
• Less than 24 hours before check-in: first night won’t be refunded. 
• After check-in: remaining nights get 50% back.'),
('Moderate', 
 'Cancel up to 5 days before check-in and get a full refund. Within 5 days, the first night is non-refundable, but you get 50% back on the rest.',
 '• Cancel 5+ days before check-in for a full refund. 
• Within 5 days: first night non-refundable. 
• Other nights get 50% back. 
• Service fees are refunded if you cancel during the free period.'),
('Firm', 
 'Full refund if you cancel 30+ days before check-in. Cancel less than 30 days and the first 30 nights won’t be refunded, rest get 50% back.',
 '• Cancel 30+ days before check-in for full refund. 
• Within 30 days: first 30 nights are non-refundable. 
• Remaining nights get 50% back. 
• Service fees refunded if canceled in free period.'),
('Strict', 
 'Cancel at least a week before check-in and get half your money back. Less than a week? No refund.',
 '• 7+ days before check-in: 50% refund. 
• Within 7 days: no refund. 
• Service fees don’t get refunded.'),
('Non-refundable', 
 'No refunds, except if you cancel within 48 hours of booking.',
 '• Cancel within 48 hours of booking: full refund. 
• After 48 hours: no refund. 
• Only applies to stays 28+ nights.');

-- Insert bookings (depends on guests, properties, cancellation policies)
-- Realistic bookings with different statuses
-- Mix of confirmed, pending and cancelled
INSERT INTO Booking (PropertyID, GuestID, PolicyID, CheckIn, CheckOut, NumGuests, Status, TotalPrice) VALUES
(1, 18, 5, '2026-01-01', '2026-01-03', 2, 'pending', 278.00),
(2, 15, 5, '2026-01-01', '2026-01-04', 6, 'confirmed', 705.00),
(3, 20, 4, '2026-01-01', '2026-01-02', 4, 'confirmed', 275.00),
(4, 2, 2, '2026-01-02', '2026-01-05', 4, 'cancelled', 287.00),
(5, 5, 3, '2026-01-01', '2026-01-02', 3, 'confirmed', 115.00),
(6, 11, 1, '2026-01-03', '2026-01-04', 2, 'confirmed', 205.00),
(7, 7, 2, '2026-01-04', '2026-01-05', 2, 'pending', 135.00),
(8, 13, 3, '2026-01-01', '2026-01-03', 4, 'confirmed', 356.00),
(9, 19, 3, '2026-01-01', '2026-01-05', 4, 'confirmed', 512.00),
(10, 6, 5, '2026-01-02', '2026-01-05', 4, 'cancelled', 466.00),
(11, 1, 1, '2026-01-01', '2026-01-02', 5, 'pending', 162.00),
(12, 16, 2, '2026-01-03', '2026-01-06', 3, 'pending', 286.00),
(13, 3, 3, '2026-01-01', '2026-01-03', 7, 'confirmed', 490.00),
(14, 17, 5, '2026-01-04', '2026-01-06', 5, 'pending', 216.00),
(15, 14, 1, '2026-01-03', '2026-01-06', 3, 'confirmed', 476.00),
(16, 12, 1, '2026-01-01', '2026-01-03', 2, 'confirmed', 430.00),
(17, 4, 2, '2026-01-05', '2026-01-06', 6, 'cancelled', 295.00),
(18, 9, 3, '2026-01-02', '2026-01-05', 3, 'cancelled', 415.00),
(19, 10, 2, '2026-01-04', '2026-01-06', 2, 'pending', 256.00),
(20, 8, 4, '2026-01-01', '2026-01-04', 4, 'confirmed', 505.00),
(1, 3, 2, '2025-12-15', '2025-12-18', 3, 'confirmed', 387.00),
(2, 7, 1, '2025-11-20', '2025-11-23', 5, 'confirmed', 645.00),
(3, 12, 3, '2025-10-10', '2025-10-12', 4, 'cancelled', 550.00),
(4, 8, 4, '2025-09-05', '2025-09-08', 4, 'confirmed', 267.00),
(5, 14, 2, '2025-08-15', '2025-08-17', 3, 'cancelled', 230.00),
(6, 19, 5, '2025-07-22', '2025-07-24', 2, 'confirmed', 370.00),
(7, 2, 1, '2025-06-30', '2025-07-03', 3, 'confirmed', 405.00),
(8, 11, 3, '2025-05-18', '2025-05-21', 6, 'confirmed', 534.00),
(9, 16, 4, '2025-04-12', '2025-04-15', 4, 'confirmed', 354.00),
(10, 5, 2, '2025-03-08', '2025-03-11', 4, 'confirmed', 426.00),
(11, 20, 1, '2025-02-14', '2025-02-16', 4, 'cancelled', 324.00),
(12, 13, 5, '2025-01-20', '2025-01-23', 2, 'confirmed', 276.00),
(13, 6, 3, '2025-12-28', '2025-12-31', 6, 'confirmed', 735.00),
(14, 9, 2, '2025-11-11', '2025-11-14', 4, 'cancelled', 324.00),
(15, 1, 4, '2025-10-05', '2025-10-08', 3, 'cancelled', 456.00),
(16, 17, 1, '2025-09-22', '2025-09-25', 2, 'confirmed', 615.00),
(17, 10, 5, '2025-08-30', '2025-09-02', 5, 'confirmed', 885.00),
(18, 15, 3, '2025-07-15', '2025-07-18', 3, 'confirmed', 375.00),
(19, 4, 2, '2025-06-10', '2025-06-13', 2, 'cancelled', 384.00),
(20, 18, 4, '2025-05-01', '2025-05-04', 3, 'confirmed', 465.00);

-- Insert payments (depends on bookings)
-- Payments for the bookings above
-- Shows different payment methods and statuses
INSERT INTO Payment (BookingID, Amount, Method, Status, Commission) VALUES
(1, 278.00, 'card', 'pending', 27.80),
(2, 705.00, 'card', 'paid', 70.50),
(3, 275.00, 'paypal', 'paid', 27.50),
(4, 287.00, 'card', 'refunded', 28.70),
(5, 115.00, 'paypal', 'paid', 11.50),
(6, 205.00, 'card', 'paid', 20.50),
(7, 135.00, 'bank_transfer', 'pending', 13.50),
(8, 356.00, 'card', 'paid', 35.60),
(9, 512.00, 'paypal', 'refunded', 51.20), 
(10, 466.00, 'card', 'refunded', 46.60),
(11, 162.00, 'paypal', 'pending', 16.20),
(12, 286.00, 'card', 'pending', 28.60),
(13, 490.00, 'bank_transfer', 'paid', 49.00),
(14, 216.00, 'paypal', 'pending', 21.60),
(15, 476.00, 'card', 'paid', 47.60),
(16, 430.00, 'paypal', 'paid', 43.00),
(17, 295.00, 'card', 'refunded', 29.50),
(18, 415.00, 'bank_transfer', 'refunded', 41.50),
(19, 256.00, 'card', 'pending', 25.60),
(20, 505.00, 'paypal', 'paid', 50.50),
(21, 387.00, 'paypal', 'paid', 38.70),
(22, 645.00, 'card', 'paid', 64.50),
(23, 550.00, 'card', 'refunded', 55.00),
(24, 267.00, 'bank_transfer', 'paid', 26.70),
(25, 230.00, 'paypal', 'refunded', 23.00),
(26, 370.00, 'card', 'paid', 37.00),
(27, 405.00, 'paypal', 'paid', 40.50),
(28, 534.00, 'card', 'paid', 53.40),
(29, 354.00, 'bank_transfer', 'paid', 35.40),
(30, 426.00, 'card', 'paid', 42.60),
(31, 324.00, 'paypal', 'refunded', 32.40),
(32, 276.00, 'card', 'paid', 27.60),
(33, 735.00, 'bank_transfer', 'paid', 73.50),
(34, 324.00, 'card', 'refunded', 32.40),
(35, 456.00, 'paypal', 'refunded', 45.60),
(36, 615.00, 'card', 'paid', 61.50),
(37, 885.00, 'bank_transfer', 'paid', 88.50),
(38, 375.00, 'paypal', 'paid', 37.50),
(39, 384.00, 'card', 'refunded', 38.40),
(40, 465.00, 'paypal', 'paid', 46.50);

-- Insert property reviews (depends on bookings and guests)
-- Reviews guests wrote about properties
-- Mix of positive and negative for realism
INSERT INTO PropertyReview (BookingID, GuestID, Rating, Comment) VALUES
(2,15,5.00,'Absolutely great stay. The apartment was spacious, clean and perfect for our group. Would 100% recommend.'),
(3,20,4.20,'Nice and comfortable place. Everything was as described, check-in was smooth and easy.'),
(5,5,4.70,'Very cozy flat for a short stay. Clean, quiet and well located. Would stay again.'),
(6,11,5.00,'One of the best places I have stayed at. Super comfy bed and very thoughtful details.'),
(8,13,4.60,'Lovely apartment with everything we needed. Kitchen was well equipped which we really appreciated.'),
(9,19,2.00,'TERRIBLE EXPERIENCE! The apartment was freezing bc heating was broken.'),
(13,3,5.00,'Amazing stay! The place looks even better than in the photos.'),
(15,14,4.80,'We really enjoyed our time here. Comfortable, clean and close to everything.'),
(16,12,4.65,'Very warm and comfortable apartment. Heating worked perfectly which was important for us.'),
(20,8,4.95,'Fantastic stay from start to finish. Easy communication and very clean place.'),
(21,3,3.00,'good for the price. it was small and the wifi kept disconnecting.'),
(22,7,5.00,'Perfect for our trip. Would definitely come back.'),
(24,8,4.30,'Pleasant stay overall. The flat was clean and the neighborhood felt safe.'),
(26,19,4.85,'Great experience.'),
(27,2,4.50,'Comfortable apartment and good communication. We felt at home during our stay.'),
(28,11,4.70,'Nice and spacious place for a big group. Everything was clean and well prepared.'),
(29,16,1.00,'Awful.'),
(30,5,4.55,'Smooth check-in and comfortable stay. No issues at all during our visit.'),
(32,13,4.40,'Good experience overall. Clean apartment and clear instructions from the host.'),
(33,6,5.00,'Excellent stay! One of the best places we booked so far. Highly recommended.'),
(36,17,4.75,'Really nice apartment, very clean and quiet. Perfect for a short city break.'),
(37,10,4.90,'Nice stay, good communication and easy access to the property.'),
(38,15,2.50,'Disappointing.'),
(40,18,5.00,'Wonderful experience. Clean, cozy and exactly as described.');

-- Insert guest reviews (depends on bookings and hosts)
-- Reviews hosts wrote about guests
INSERT INTO GuestReview (BookingID, HostID, Rating, Comment) VALUES
(2, 2, 5.00, 'Really nice guests! Left everything clean and even watered the plants. Easy to communicate with.'),
(3, 3, 4.50, 'Good guests overall. They checked out a bit late but no big deal. Friendly and polite.'),
(5, 5, 5.00, 'Fantastic! They followed all the house rules and even took the bins out. Would host again.'),
(6, 6, 4.80, 'Lovely couple. Quiet, tidy and sent a quick message when they arrived. Very respectful.'),
(8, 8, 4.70, 'Guests were fine. Only minor thing: they left one towel on the floor. Otherwise perfect.'),
(9, 9, 1.50, 'Not happy at all. Left dirty dishes, broke a lamp and didn’t tell me. Won’t host again.'),
(13, 13, 5.00, 'Absolutely awesome! Super friendly and left the house cleaner than it was. Highly recommend.'),
(15, 15, 4.90, 'Very polite and tidy. Left the apartment in great condition and followed all instructions.'),
(16, 16, 4.60, 'Guests were okay. Quiet, respectful and left the place as expected.'),
(20, 20, 5.00, 'Amazing guests! Communicative, clean, and friendly. Would love to host again.'),
(21, 1, 4.30, 'Good guests. Left a few things out of place but nothing major. Overall fine.'),
(22, 2, 5.00, 'Super polite and considerate. Treated our home like it was theirs. Great communication.'),
(24, 4, 4.40, 'Nice guests, mostly quiet. Check-out was a bit late but they left everything clean.'),
(26, 6, 4.95, 'Left the place spotless. Quick to reply to messages. Really appreciated their stay.'),
(27, 7, 4.50, 'Followed the house rules and kept everything neat. Would host again.'),
(28, 8, 4.70, 'Good group. Respectful of neighbors and left the apartment tidy. Minor noise at night.'),
(29, 9, 2.00, 'Guests were difficult. Complained a lot and left a mess. Not recommended.'),
(30, 10, 4.60, 'No issues during their stay. Apartment left as expected. Easy to host.'),
(32, 12, 4.20, 'Pretty decent guests. A bit noisy the first night but generally okay.'),
(33, 13, 5.00, 'Loved hosting them! Polite, clean and very friendly. Left everything perfect.');

-- Insert conversations (depends on users and properties)
-- Sample conversations between users
-- Some about properties, some general support
INSERT INTO Conversation (User1ID, User2ID, PropertyID) VALUES
(19, 29, 9),     
(16, 29, 9),
(15, 22, 2),      
(3, 33, 13),      
(12, 36, 16),     
(19, 65, 9),      
(29, 68, 9),      
(12, 70, 16),     
(2, 65, NULL),    
(11, 68, 6),      
(1, 21, 1),       
(4, 24, 4),       
(6, 26, 6),       
(8, 28, 8),     
(10, 30, 10),     
(5, 25, 5),       
(7, 27, 7),       
(9, 29, 9),       
(13, 33, 13),     
(18, 38, 18),     
(45, 29, 9),      
(50, 22, 2),      
(65, 68, NULL),   
(70, 72, NULL),   
(45, 70, NULL);   

-- Insert messages (depends on conversations)
-- Actual messages within conversations
-- Shows real communication patterns
INSERT INTO Message (ConversationID, SenderID, Content, ReplyToMessageID) VALUES
(1, 19, 'Hi, the heating is completely broken and it’s freezing in here!', NULL),
(1, 29, 'Sorry to hear that. Did you check the thermostat?', 1),
(2, 16, 'The apartment is dirty and smells bad. There’s mold in the bathroom.', NULL),
(2, 29, 'That’s impossible. The cleaner was there yesterday.', 3),
(3, 15, 'Hi, we accidentally broke a glass shelf in the bathroom.', NULL),
(3, 22, 'Can you send a photo?', 5),
(4, 3, 'The fireplace isn’t working and there’s no firewood.', NULL),
(4, 33, 'There should be firewood in the basket next to it.', 7),
(5, 12, 'There’s construction noise starting at 7AM every day!', NULL),
(5, 36, 'I wasn’t aware of any construction.', 9),
(6, 19, 'I need to report a serious issue with my stay at property: Industrial Loft.', NULL),
(6, 65, 'Thank you for reaching out. Can you describe the problem?', 11),
(7, 29, 'A guest is making false claims about my property!', NULL),
(7, 68, 'We take all reports seriously. Can you provide your side?', 13),
(8, 12, 'Construction noise is unbearable and host can’t fix it.', NULL),
(8, 70, 'How long has this been going on?', 15),
(9, 1, 'Is the balcony private or shared?', NULL),
(9, 21, 'It’s completely private, just for your use.', 17),
(10, 4, 'Does the house have a working kitchen?', NULL),
(10, 24, 'Yes, fully equipped modern kitchen.', 19),
(11, 6, 'Do you provide bikes?', NULL),
(11, 26, 'Yes, two bikes are included with the stay.', 21),
(12, 8, 'Is there parking available nearby?', NULL),
(12, 28, 'Paid garage 200m away. I can send details.', 23),
(13, 10, 'Is the view of the market good from the apartment?', NULL),
(13, 30, 'Excellent view from the living room window.', 25),
(14, 45, 'We’ve received multiple complaints about your property ‘Industrial Loft’.', NULL),
(14, 29, 'They’re exaggerating. My property is fine.', 27),
(15, 50, 'Following up on the broken shelf incident.', NULL),
(15, 22, 'Guest agreed to pay for damages.', 29),
(16, 65, 'Case #9 is getting complicated. Guest threatening legal action.', NULL),
(16, 68, 'Let me take over. I’ll call both parties.', 31),
(17, 70, 'Need advice on relocation case for Booking 16.', NULL),
(17, 72, 'Check policy 4.3 for noise disturbance relocation.', 33),
(18, 5, 'What time is check-in?', NULL),
(18, 25, 'From 3PM. Self check-in with keypad.', 35),
(19, 7, 'Late check-in at 10PM possible?', NULL),
(19, 27, 'Yes, self check-in available anytime.', 37),
(20, 13, 'Fireplace instructions?', NULL),
(20, 33, 'Sent via email. Firewood provided.', 39),
(21, 18, 'Gym access included?', NULL),
(21, 38, 'Yes, building gym on 3rd floor.', 41),
(22, 2, 'I can’t find my booking confirmation email.', NULL),
(22, 65, 'I’ve resent it. Check your spam folder too.', 43),
(23, 11, 'The host isn’t responding to my messages.', NULL),
(23, 68, 'We’ve contacted them. You should hear back within 24h.', 45),
(24, 45, 'Property 9 needs attention.', NULL),
(24, 70, 'We have 3 open cases on it already.', 47),
(25, 9, 'Is heating included in the apartment?', NULL),
(25, 29, 'Yes, full central heating.', 49);

-- Insert incident reports (depends on bookings and users)
-- When things go wrong during stays
-- Different types of incidents 
INSERT INTO IncidentReport (BookingID, ReporterID, Description, Status) VALUES
(9, 19, 'Heating system completely broken during winter stay. Temperature 15°C.', 'resolved'),
(29, 16, 'Severe mold in bathroom, unclean apartment. Health hazard.', 'investigating'),
(2, 22, 'Guest broke original modernist glass shelf. Repair cost €150.', 'open'),
(13, 33, 'Fireplace not functioning and no firewood provided.', 'resolved'),
(16, 12, 'Construction noise from adjacent building starting 7AM daily.', 'resolved'),
(5, 25, 'Guest smoked inside apartment despite no-smoking policy.', 'closed'),
(6, 26, 'Guest left apartment excessively dirty with food stains everywhere.', 'open'),
(8, 28, 'Guest had unauthorized party with more than 10 people in apartment.', 'investigating'),
(10, 30, 'Guest damaged antique furniture with scratches.', 'open'),
(15, 35, 'Guest complained about non-existent bed bugs, demanded refund.', 'resolved'),
(9, 29, 'Guest making false claims about heating for refund.', 'investigating'),
(29, 29, 'Guest damaging reputation with exaggerated mold claims.', 'open'),
(16, 36, 'Guest demanding relocation due to external construction noise.', 'open'),
(20, 40, 'Guest tried to extend stay without payment.', 'closed'),
(3, 23, 'Guest checked out late without permission.', 'resolved'),
(7, 27, 'Guest lost keys, replacement cost €75.', 'open'),
(11, 31, 'Guest used apartment for professional photography without permission.', 'investigating'),
(14, 34, 'Guest brought pet without approval (pet fee applies).', 'open'),
(18, 38, 'Guest excessively used AC, electricity bill 3x normal.', 'resolved'),
(21, 21, 'Guest complained about street noise in city center listing.', 'closed'),
(4, 24, 'Guest left windows open during rainstorm, water damage.', 'investigating'),
(12, 32, 'Guest reported fake safety concerns after disagreement with host.', 'open'),
(17, 37, 'Guest broke wine glasses and didn’t report.', 'resolved'),
(19, 39, 'Guest attempted early check-in without approval.', 'closed'),
(22, 22, 'Guest left positive review but reported minor issues for refund.', 'investigating');

-- Insert support cases (depends on bookings, user accounts, support agents)
-- When users need help from customer support
-- Shows different priority levels and statuses
INSERT INTO SupportCase (BookingID, ReporterID, SupportAgentID, Description, Status, Priority) VALUES
(9, 19, 5, 'Emergency: No heating in winter, elderly guest.', 'in progress', 'urgent'),
(9, 29, 8, 'Host harassed by guest making false claims.', 'open', 'high'),
(29, 16, 10, 'Mold exposure causing allergic reactions.', 'in progress', 'high'),
(16, 12, 12, 'Construction noise - guest relocation request.', 'in progress', 'high'),
(2, 15, 14, 'Disputing damage charges for broken shelf.', 'open', 'medium'),
(5, 25, 16, 'Guest violated no-smoking policy, smoke smell persists.', 'in progress', 'medium'),
(8, 28, 18, 'Unauthorized party, neighbors complaining.', 'in progress', 'high'),
(10, 30, 5, 'Antique furniture damaged, valuation needed.', 'open', 'medium'),
(6, 26, 8, 'Apartment left extremely dirty, extra cleaning needed.', 'in progress', 'medium'),
(20, 40, 10, 'Guest attempted stay extension without payment.', 'resolved', 'medium'),
(3, 23, 12, 'Late check-out without permission.', 'closed', 'low'),
(7, 27, 14, 'Lost keys replacement cost dispute.', 'open', 'medium'),
(11, 31, 16, 'Unauthorized commercial photography.', 'in progress', 'medium'),
(14, 34, 18, 'Undisclosed pet, fee application.', 'open', 'low'),
(18, 38, 5, 'Excessive AC usage, electricity bill dispute.', 'resolved', 'low'),
(21, 21, 8, 'Complaints about expected city noise.', 'closed', 'low'),
(NULL, 5, 10, 'Payment method change for upcoming booking.', 'resolved', 'low'),
(NULL, 21, 12, 'Tax document requirements for Spain.', 'resolved', 'low'),
(NULL, 8, 14, 'How to cancel booking with partial refund.', 'in progress', 'medium'),
(NULL, 30, 16, 'Insurance claim process for property damage.', 'open', 'medium'),
(NULL, 45, 18, 'System bug: duplicate booking notifications.', 'resolved', 'low'),
(NULL, 62, 5, 'Training request: new support ticket system.', 'open', 'low'),
(13, 45, NULL, 'Admin: Multiple incidents on Property 9, possible suspension.', 'open', 'high'),
(2, 50, NULL, 'Admin: Damage claim dispute follow-up.', 'in progress', 'medium'),
(16, 45, NULL, 'Admin: Noise complaint resolution verification.', 'closed', 'low');

-- Insert property verifications (depends on properties and administrators)
-- When admins check property quality
-- Mix of approved, pending, and rejected
INSERT INTO PropertyVerification (PropertyID, AdminID, Status, Notes) VALUES
(9, 7, 'rejected', 'Multiple serious complaints: heating issues, mold, cleanliness. Property suspended until issues resolved.'),
(2, 7, 'pending', 'Damage incident reported. Awaiting proof of repairs before approval.'),
(13, 8, 'pending', 'Fireplace functionality in question. Requires safety inspection.'),
(16, 15, 'approved', 'Noise complaint resolved. Property meets standards.'),
(5, 15, 'approved', 'Minor issues reported but resolved. Property in good condition.'),
(6, 15, 'approved', 'No major issues. Cleanliness standards met.'),
(8, 7, 'pending', 'Unauthorized party incident under investigation.'),
(10, 15, 'approved', 'Minor damage reported but repaired. Verification passed.'),
(11, 7, 'approved', 'No complaints. Property well maintained.'),
(12, 15, 'approved', 'All standards met. Good guest reviews.'),
(1, 7, 'approved', 'Property in excellent condition. All amenities working.'),
(3, 15, 'approved', 'High guest satisfaction. No reported issues.'),
(4, 8, 'approved', 'Traditional property well maintained. Authentic features preserved.'),
(7, 8, 'approved', 'Romantic apartment with good reviews. No complaints.'),
(14, 8, 'approved', 'Modern apartment with Acropolis view. Meets all standards.'),
(15, 15, 'approved', 'Scandinavian design well executed. Excellent condition.'),
(17, 8, 'approved', 'Historic canal house properly maintained. Unique property.'),
(18, 7, 'approved', 'High-rise apartment with great amenities. No issues.'),
(19, 8, 'approved', 'Medieval apartment preserved with modern comforts.'),
(20, 7, 'approved', 'Elegant music district apartment. Grand piano maintained.'),
(9, 15, 'pending', 'Re-verification requested by host after repairs. Scheduled inspection.'),
(2, 7, 'pending', 'Follow-up verification for damage repairs. Awaiting documentation.'),
(13, 8, 'approved', 'Fireplace inspected and repaired. Now meets safety standards.');


-- There are a total of 24 tables in this database.
-- Each table has at least 20 entries, except for 'CancellationPolicy'.
-- This table only has 5 entries, which reflect the real cancellation policies Airbnb uses.
-- The reasons are: 
-- 1. Airbnb offers only 5 standard cancellation policies.
-- 2. Having more than 5 could confuse hosts and guests, so keeping it clear is important.
-- All other 23 tables have 20+ records as required.
-- This is the only exception, made for practical business reasons.










